{"cameraMode":{"drawMode":0,"name":"Shaded","section":"Shading Mode"},"sceneLighting":true,"audioPlay":false,"sceneViewState":{"m_AlwaysRefresh":false,"showFog":true,"showSkybox":true,"showFlares":true,"showImageEffects":true,"showParticleSystems":true,"showVisualEffectGraphs":true,"m_FxEnabled":true},"in2DMode":false,"pivot":{"x":0.5278195738792419,"y":1.331296682357788,"z":-1.542495608329773},"rotation":{"x":0.13463252782821656,"y":-0.4364713132381439,"z":0.06622202694416046,"w":0.8871884346008301},"size":2.3034024238586427,"orthographic":false}